<?xml version="1.0" standalone="yes"?>
<dsNetFTCalibrationFile xmlns="http://tempuri.org/dsNetFTCalibrationFile.xsd">
  <xs:schema id="dsNetFTCalibrationFile" targetNamespace="http://tempuri.org/dsNetFTCalibrationFile.xsd" xmlns:mstns="http://tempuri.org/dsNetFTCalibrationFile.xsd" xmlns="http://tempuri.org/dsNetFTCalibrationFile.xsd" xmlns:xs="http://www.w3.org/2001/XMLSchema" xmlns:msdata="urn:schemas-microsoft-com:xml-msdata" xmlns:msprop="urn:schemas-microsoft-com:xml-msprop" attributeFormDefault="qualified" elementFormDefault="qualified">
    <xs:element name="dsNetFTCalibrationFile" msdata:IsDataSet="true" msdata:UseCurrentLocale="true">
      <xs:complexType>
        <xs:choice minOccurs="0" maxOccurs="unbounded">
          <xs:element name="tblNetFTCalibrationInfo">
            <xs:complexType>
              <xs:sequence>
                <xs:element name="SerialNumber" type="xs:string" minOccurs="0" />
                <xs:element name="BodyStyle" type="xs:string" minOccurs="0" />
                <xs:element name="CalibrationPartNumber" type="xs:string" minOccurs="0" />
                <xs:element name="Family" type="xs:string" minOccurs="0" />
                <xs:element name="CalibrationDate" type="xs:dateTime" minOccurs="0" />
                <xs:element name="MatrixFX" type="xs:string" minOccurs="0" />
                <xs:element name="MatrixFy" type="xs:string" minOccurs="0" />
                <xs:element name="MatrixFz" type="xs:string" minOccurs="0" />
                <xs:element name="MatrixTx" type="xs:string" minOccurs="0" />
                <xs:element name="MatrixTy" type="xs:string" minOccurs="0" />
                <xs:element name="MatrixTz" type="xs:string" minOccurs="0" />
                <xs:element name="GaugeGains" type="xs:string" minOccurs="0" />
                <xs:element name="GaugeOffsets" type="xs:string" minOccurs="0" />
                <xs:element name="CalibrationIndex" type="xs:int" minOccurs="0" />
              </xs:sequence>
            </xs:complexType>
          </xs:element>
          <xs:element name="tblCalibrationInformation">
            <xs:complexType>
              <xs:sequence>
                <xs:element name="CalibrationPartNumber" type="xs:string" minOccurs="0" />
                <xs:element name="ForceUnits" type="xs:string" minOccurs="0" />
                <xs:element name="TorqueUnits" type="xs:string" minOccurs="0" />
                <xs:element name="CountsPerForce" type="xs:long" minOccurs="0" />
                <xs:element name="CountsPerTorque" type="xs:long" minOccurs="0" />
                <xs:element name="MaxRatings" type="xs:string" minOccurs="0" />
                <xs:element name="Resolutions" type="xs:string" minOccurs="0" />
                <xs:element name="Ranges" type="xs:string" minOccurs="0" />
                <xs:element name="_x0031_6BitScaleFactors" msprop:Generator_UserColumnName="16BitScaleFactors" msprop:Generator_ColumnVarNameInTable="column16BitScaleFactors" type="xs:string" minOccurs="0" />
              </xs:sequence>
            </xs:complexType>
          </xs:element>
        </xs:choice>
      </xs:complexType>
    </xs:element>
    <xs:annotation>
      <xs:appinfo>
        <msdata:Relationship name="NetFTCalibrationInfo_CalibrationInformation" msdata:parent="tblNetFTCalibrationInfo" msdata:child="tblCalibrationInformation" msdata:parentkey="CalibrationPartNumber" msdata:childkey="CalibrationPartNumber" />
      </xs:appinfo>
    </xs:annotation>
  </xs:schema>
  <tblNetFTCalibrationInfo>
    <SerialNumber>FT28390</SerialNumber>
    <BodyStyle>Mini40</BodyStyle>
    <CalibrationPartNumber>SI-80-4</CalibrationPartNumber>
    <Family>Net F/T</Family>
    <CalibrationDate>2019-07-18T15:36:34.7527684-04:00</CalibrationDate>
    <MatrixFX>27.1113433772707 -2.44400122133516 -131.170319751234 3677.59100524483 145.161412634779 -3833.5542497549 </MatrixFX>
    <MatrixFy>165.612942289768 -4367.43973556186 -48.5949195409203 2116.35324046377 -147.357092359551 2223.71829304776 </MatrixFy>
    <MatrixFz>6353.43768870692 103.079969980314 6343.59190293713 61.3642098165904 6319.97159542319 43.2496759358092 </MatrixFz>
    <MatrixTx>0.844688440147528 -24.1363453669184 90.5327849747431 12.4690926533127 -92.7846747495392 11.6687619529747 </MatrixTx>
    <MatrixTy>-102.473409813148 -1.57326331376169 52.5566867668255 -20.0993588542056 50.7444157200177 21.8817836269217 </MatrixTy>
    <MatrixTz>1.25022453746585 -53.1919544074734 2.24134600400838 -51.1714336457731 3.31688565688235 -53.3596898432474 </MatrixTz>
    <GaugeGains>503 521 543 551 525 531 </GaugeGains>
    <GaugeOffsets>31149 29120 33375 32986 28899 31558 </GaugeOffsets>
    <CalibrationIndex>0</CalibrationIndex>
  </tblNetFTCalibrationInfo>
  <tblCalibrationInformation>
    <CalibrationPartNumber>SI-80-4</CalibrationPartNumber>
    <ForceUnits>N</ForceUnits>
    <TorqueUnits>N-m</TorqueUnits>
    <CountsPerForce>1000000</CountsPerForce>
    <CountsPerTorque>1000000</CountsPerTorque>
    <MaxRatings>80 80 240 4 4 4 </MaxRatings>
    <Resolutions>24 24 24 24 24 24</Resolutions>
    <Ranges>24 24 24 24 24 24</Ranges>
    <_x0031_6BitScaleFactors>7325 7325 7325 123 123 123 </_x0031_6BitScaleFactors>
  </tblCalibrationInformation>
</dsNetFTCalibrationFile>